Model,R2,MAE,RMSE
Random Forest,0.8344933390617371,1200.1298828125,1857.648850025214
